arquivo,caminho_completo,ano,mes,intensidade_media,mediana,desvio,percentual_valido,threshold_crescimento,pixels_nulos,pixels_nodata,pixels_outliers,total_pixels,total_com_dados
INDAIAL_2014_01.tif,C:\Users\gtvargas\Documents\Indaial_noturno\raster\INDAIAL_RECORTADO\2014\INDAIAL_2014_01.tif,2014,1,2.45,0.7,4.43,100.0,4.67,0,1296,0,3483,2187
INDAIAL_2014_02.tif,C:\Users\gtvargas\Documents\Indaial_noturno\raster\INDAIAL_RECORTADO\2014\INDAIAL_2014_02.tif,2014,2,1.64,0.45,3.95,100.0,3.62,0,1296,0,3483,2187
INDAIAL_2014_03.tif,C:\Users\gtvargas\Documents\Indaial_noturno\raster\INDAIAL_RECORTADO\2014\INDAIAL_2014_03.tif,2014,3,1.81,0.55,4.1,99.95,3.86,1,1305,0,3526,2221
INDAIAL_2014_04.tif,C:\Users\gtvargas\Documents\Indaial_noturno\raster\INDAIAL_RECORTADO\2014\INDAIAL_2014_04.tif,2014,4,1.64,0.6,3.43,100.0,3.36,0,1296,0,3483,2187
INDAIAL_2014_05.tif,C:\Users\gtvargas\Documents\Indaial_noturno\raster\INDAIAL_RECORTADO\2014\INDAIAL_2014_05.tif,2014,5,1.61,0.6,3.49,100.0,3.35,0,1296,0,3483,2187
INDAIAL_2014_06.tif,C:\Users\gtvargas\Documents\Indaial_noturno\raster\INDAIAL_RECORTADO\2014\INDAIAL_2014_06.tif,2014,6,1.55,0.4,4.0,100.0,3.55,0,1296,0,3483,2187
INDAIAL_2014_07.tif,C:\Users\gtvargas\Documents\Indaial_noturno\raster\INDAIAL_RECORTADO\2014\INDAIAL_2014_07.tif,2014,7,1.53,0.4,3.65,100.0,3.36,0,1296,0,3483,2187
INDAIAL_2014_08.tif,C:\Users\gtvargas\Documents\Indaial_noturno\raster\INDAIAL_RECORTADO\2014\INDAIAL_2014_08.tif,2014,8,1.62,0.4,4.45,100.0,3.85,0,1296,0,3483,2187
INDAIAL_2014_09.tif,C:\Users\gtvargas\Documents\Indaial_noturno\raster\INDAIAL_RECORTADO\2014\INDAIAL_2014_09.tif,2014,9,1.58,0.5,3.43,100.0,3.29,0,1296,0,3483,2187
INDAIAL_2014_10.tif,C:\Users\gtvargas\Documents\Indaial_noturno\raster\INDAIAL_RECORTADO\2014\INDAIAL_2014_10.tif,2014,10,1.69,0.6,3.28,100.0,3.33,0,1296,0,3483,2187
INDAIAL_2014_11.tif,C:\Users\gtvargas\Documents\Indaial_noturno\raster\INDAIAL_RECORTADO\2014\INDAIAL_2014_11.tif,2014,11,1.8,0.6,4.09,99.82,3.85,3,1296,0,3483,2187
INDAIAL_2014_12.tif,C:\Users\gtvargas\Documents\Indaial_noturno\raster\INDAIAL_RECORTADO\2014\INDAIAL_2014_12.tif,2014,12,1.83,0.6,4.13,99.73,3.9,6,1296,0,3483,2187
INDAIAL_2015_02.tif,C:\Users\gtvargas\Documents\Indaial_noturno\raster\INDAIAL_RECORTADO\2015\INDAIAL_2015_02.tif,2015,2,1.61,0.5,3.97,99.73,3.59,6,1296,0,3483,2187
INDAIAL_2015_01.tif,C:\Users\gtvargas\Documents\Indaial_noturno\raster\INDAIAL_RECORTADO\2015\INDAIAL_2015_01.tif,2015,1,1.61,0.4,4.35,99.86,3.78,3,1296,0,3483,2187
INDAIAL_2015_03.tif,C:\Users\gtvargas\Documents\Indaial_noturno\raster\INDAIAL_RECORTADO\2015\INDAIAL_2015_03.tif,2015,3,1.65,0.6,3.47,100.0,3.38,0,1296,0,3483,2187
INDAIAL_2015_04.tif,C:\Users\gtvargas\Documents\Indaial_noturno\raster\INDAIAL_RECORTADO\2015\INDAIAL_2015_04.tif,2015,4,1.82,0.6,4.18,100.0,3.91,0,1296,0,3483,2187
INDAIAL_2015_05.tif,C:\Users\gtvargas\Documents\Indaial_noturno\raster\INDAIAL_RECORTADO\2015\INDAIAL_2015_05.tif,2015,5,1.66,0.6,3.49,100.0,3.4,0,1296,0,3483,2187
INDAIAL_2015_06.tif,C:\Users\gtvargas\Documents\Indaial_noturno\raster\INDAIAL_RECORTADO\2015\INDAIAL_2015_06.tif,2015,6,1.67,0.5,4.25,100.0,3.79,0,1296,0,3483,2187
INDAIAL_2015_07.tif,C:\Users\gtvargas\Documents\Indaial_noturno\raster\INDAIAL_RECORTADO\2015\INDAIAL_2015_07.tif,2015,7,1.7,0.5,4.13,100.0,3.76,0,1296,0,3483,2187
INDAIAL_2015_08.tif,C:\Users\gtvargas\Documents\Indaial_noturno\raster\INDAIAL_RECORTADO\2015\INDAIAL_2015_08.tif,2015,8,1.5,0.35,4.24,97.76,3.63,49,1296,0,3483,2187
INDAIAL_2015_09.tif,C:\Users\gtvargas\Documents\Indaial_noturno\raster\INDAIAL_RECORTADO\2015\INDAIAL_2015_09.tif,2015,9,1.61,0.4,4.18,99.91,3.7,2,1296,0,3483,2187
INDAIAL_2015_10.tif,C:\Users\gtvargas\Documents\Indaial_noturno\raster\INDAIAL_RECORTADO\2015\INDAIAL_2015_10.tif,2015,10,3.5,1.9,4.26,83.31,5.63,355,1296,0,3483,2187
INDAIAL_2015_11.tif,C:\Users\gtvargas\Documents\Indaial_noturno\raster\INDAIAL_RECORTADO\2015\INDAIAL_2015_11.tif,2015,11,1.56,0.6,3.65,99.73,3.38,0,1296,0,3483,2187
INDAIAL_2015_12.tif,C:\Users\gtvargas\Documents\Indaial_noturno\raster\INDAIAL_RECORTADO\2015\INDAIAL_2015_12.tif,2015,12,1.93,0.6,3.16,97.67,3.51,42,1296,0,3483,2187
INDAIAL_2016_01.tif,C:\Users\gtvargas\Documents\Indaial_noturno\raster\INDAIAL_RECORTADO\2016\INDAIAL_2016_01.tif,2016,1,1.51,0.35,4.13,95.2,3.57,105,1296,0,3483,2187
INDAIAL_2016_02.tif,C:\Users\gtvargas\Documents\Indaial_noturno\raster\INDAIAL_RECORTADO\2016\INDAIAL_2016_02.tif,2016,2,1.58,0.5,3.26,99.18,3.21,18,1296,0,3483,2187
INDAIAL_2016_03.tif,C:\Users\gtvargas\Documents\Indaial_noturno\raster\INDAIAL_RECORTADO\2016\INDAIAL_2016_03.tif,2016,3,1.78,0.6,4.18,100.0,3.87,0,1296,0,3483,2187
INDAIAL_2016_04.tif,C:\Users\gtvargas\Documents\Indaial_noturno\raster\INDAIAL_RECORTADO\2016\INDAIAL_2016_04.tif,2016,4,1.66,0.55,3.7,100.0,3.51,0,1296,0,3483,2187
INDAIAL_2016_05.tif,C:\Users\gtvargas\Documents\Indaial_noturno\raster\INDAIAL_RECORTADO\2016\INDAIAL_2016_05.tif,2016,5,1.6,0.55,3.56,100.0,3.39,0,1296,0,3483,2187
INDAIAL_2016_06.tif,C:\Users\gtvargas\Documents\Indaial_noturno\raster\INDAIAL_RECORTADO\2016\INDAIAL_2016_06.tif,2016,6,1.47,0.3,4.07,100.0,3.5,0,1296,0,3483,2187
INDAIAL_2016_07.tif,C:\Users\gtvargas\Documents\Indaial_noturno\raster\INDAIAL_RECORTADO\2016\INDAIAL_2016_07.tif,2016,7,1.45,0.3,4.22,99.86,3.56,3,1296,0,3483,2187
INDAIAL_2016_08.tif,C:\Users\gtvargas\Documents\Indaial_noturno\raster\INDAIAL_RECORTADO\2016\INDAIAL_2016_08.tif,2016,8,1.41,0.3,4.07,100.0,3.45,0,1296,0,3483,2187
INDAIAL_2016_09.tif,C:\Users\gtvargas\Documents\Indaial_noturno\raster\INDAIAL_RECORTADO\2016\INDAIAL_2016_09.tif,2016,9,1.55,0.3,4.12,99.95,3.61,1,1296,0,3483,2187
INDAIAL_2016_10.tif,C:\Users\gtvargas\Documents\Indaial_noturno\raster\INDAIAL_RECORTADO\2016\INDAIAL_2016_10.tif,2016,10,1.52,0.6,2.94,98.22,2.99,1,1296,0,3483,2187
INDAIAL_2016_11.tif,C:\Users\gtvargas\Documents\Indaial_noturno\raster\INDAIAL_RECORTADO\2016\INDAIAL_2016_11.tif,2016,11,1.61,0.6,3.36,100.0,3.29,0,1296,0,3483,2187
INDAIAL_2016_12.tif,C:\Users\gtvargas\Documents\Indaial_noturno\raster\INDAIAL_RECORTADO\2016\INDAIAL_2016_12.tif,2016,12,1.36,0.6,2.3,100.0,2.51,0,1296,0,3483,2187
INDAIAL_2017_01.tif,C:\Users\gtvargas\Documents\Indaial_noturno\raster\INDAIAL_RECORTADO\2017\INDAIAL_2017_01.tif,2017,1,1.5,0.4,3.93,98.9,3.47,24,1296,0,3483,2187
INDAIAL_2017_02.tif,C:\Users\gtvargas\Documents\Indaial_noturno\raster\INDAIAL_RECORTADO\2017\INDAIAL_2017_02.tif,2017,2,1.58,0.4,3.94,100.0,3.55,0,1296,0,3483,2187
INDAIAL_2017_03.tif,C:\Users\gtvargas\Documents\Indaial_noturno\raster\INDAIAL_RECORTADO\2017\INDAIAL_2017_03.tif,2017,3,1.38,0.4,2.94,100.0,2.85,0,1296,0,3483,2187
INDAIAL_2017_04.tif,C:\Users\gtvargas\Documents\Indaial_noturno\raster\INDAIAL_RECORTADO\2017\INDAIAL_2017_04.tif,2017,4,1.56,0.55,3.5,100.0,3.31,0,1296,0,3483,2187
INDAIAL_2017_05.tif,C:\Users\gtvargas\Documents\Indaial_noturno\raster\INDAIAL_RECORTADO\2017\INDAIAL_2017_05.tif,2017,5,1.63,0.55,3.33,100.0,3.3,0,1296,0,3483,2187
INDAIAL_2017_06.tif,C:\Users\gtvargas\Documents\Indaial_noturno\raster\INDAIAL_RECORTADO\2017\INDAIAL_2017_06.tif,2017,6,1.61,0.55,3.75,99.59,3.49,9,1296,0,3483,2187
INDAIAL_2017_07.tif,C:\Users\gtvargas\Documents\Indaial_noturno\raster\INDAIAL_RECORTADO\2017\INDAIAL_2017_07.tif,2017,7,1.57,0.4,3.89,100.0,3.52,0,1296,0,3483,2187
INDAIAL_2017_08.tif,C:\Users\gtvargas\Documents\Indaial_noturno\raster\INDAIAL_RECORTADO\2017\INDAIAL_2017_08.tif,2017,8,1.48,0.4,3.79,99.13,3.38,19,1296,0,3483,2187
INDAIAL_2017_09.tif,C:\Users\gtvargas\Documents\Indaial_noturno\raster\INDAIAL_RECORTADO\2017\INDAIAL_2017_09.tif,2017,9,1.7,0.5,3.35,96.48,3.38,61,1296,0,3483,2187
INDAIAL_2017_10.tif,C:\Users\gtvargas\Documents\Indaial_noturno\raster\INDAIAL_RECORTADO\2017\INDAIAL_2017_10.tif,2017,10,1.56,0.45,3.66,99.5,3.39,11,1296,0,3483,2187
INDAIAL_2017_11.tif,C:\Users\gtvargas\Documents\Indaial_noturno\raster\INDAIAL_RECORTADO\2017\INDAIAL_2017_11.tif,2017,11,1.73,0.5,4.06,100.0,3.75,0,1296,0,3483,2187
INDAIAL_2017_12.tif,C:\Users\gtvargas\Documents\Indaial_noturno\raster\INDAIAL_RECORTADO\2017\INDAIAL_2017_12.tif,2017,12,1.84,0.7,3.59,100.0,3.64,0,1296,0,3483,2187
INDAIAL_2018_01.tif,C:\Users\gtvargas\Documents\Indaial_noturno\raster\INDAIAL_RECORTADO\2018\INDAIAL_2018_01.tif,2018,1,1.78,0.35,4.32,84.68,3.94,335,1296,0,3483,2187
INDAIAL_2018_02.tif,C:\Users\gtvargas\Documents\Indaial_noturno\raster\INDAIAL_RECORTADO\2018\INDAIAL_2018_02.tif,2018,2,1.53,0.45,3.28,99.54,3.16,10,1296,0,3483,2187
INDAIAL_2018_03.tif,C:\Users\gtvargas\Documents\Indaial_noturno\raster\INDAIAL_RECORTADO\2018\INDAIAL_2018_03.tif,2018,3,1.3,0.3,2.68,98.58,2.64,31,1296,0,3483,2187
INDAIAL_2018_04.tif,C:\Users\gtvargas\Documents\Indaial_noturno\raster\INDAIAL_RECORTADO\2018\INDAIAL_2018_04.tif,2018,4,1.64,0.5,3.8,99.95,3.53,1,1296,0,3483,2187
INDAIAL_2018_05.tif,C:\Users\gtvargas\Documents\Indaial_noturno\raster\INDAIAL_RECORTADO\2018\INDAIAL_2018_05.tif,2018,5,1.78,0.6,3.64,100.0,3.6,0,1296,0,3483,2187
INDAIAL_2018_06.tif,C:\Users\gtvargas\Documents\Indaial_noturno\raster\INDAIAL_RECORTADO\2018\INDAIAL_2018_06.tif,2018,6,1.56,0.5,3.51,100.0,3.32,0,1296,0,3483,2187
INDAIAL_2018_07.tif,C:\Users\gtvargas\Documents\Indaial_noturno\raster\INDAIAL_RECORTADO\2018\INDAIAL_2018_07.tif,2018,7,1.65,0.4,4.1,100.0,3.7,0,1296,0,3483,2187
INDAIAL_2018_08.tif,C:\Users\gtvargas\Documents\Indaial_noturno\raster\INDAIAL_RECORTADO\2018\INDAIAL_2018_08.tif,2018,8,1.68,0.4,4.45,99.59,3.9,9,1296,0,3483,2187
INDAIAL_2018_09.tif,C:\Users\gtvargas\Documents\Indaial_noturno\raster\INDAIAL_RECORTADO\2018\INDAIAL_2018_09.tif,2018,9,1.59,0.4,4.11,99.13,3.65,19,1296,0,3483,2187
INDAIAL_2018_10.tif,C:\Users\gtvargas\Documents\Indaial_noturno\raster\INDAIAL_RECORTADO\2018\INDAIAL_2018_10.tif,2018,10,1.74,0.5,2.92,99.27,3.2,16,1296,0,3483,2187
INDAIAL_2018_11.tif,C:\Users\gtvargas\Documents\Indaial_noturno\raster\INDAIAL_RECORTADO\2018\INDAIAL_2018_11.tif,2018,11,1.41,0.45,3.08,100.0,2.95,0,1296,0,3483,2187
INDAIAL_2018_12.tif,C:\Users\gtvargas\Documents\Indaial_noturno\raster\INDAIAL_RECORTADO\2018\INDAIAL_2018_12.tif,2018,12,1.56,0.4,3.39,99.86,3.25,3,1296,0,3483,2187
INDAIAL_2019_01.tif,C:\Users\gtvargas\Documents\Indaial_noturno\raster\INDAIAL_RECORTADO\2019\INDAIAL_2019_01.tif,2019,1,1.61,0.4,4.35,99.86,3.78,3,1296,0,3483,2187
INDAIAL_2019_02.tif,C:\Users\gtvargas\Documents\Indaial_noturno\raster\INDAIAL_RECORTADO\2019\INDAIAL_2019_02.tif,2019,2,1.59,0.4,3.51,96.89,3.35,68,1296,0,3483,2187
INDAIAL_2019_03.tif,C:\Users\gtvargas\Documents\Indaial_noturno\raster\INDAIAL_RECORTADO\2019\INDAIAL_2019_03.tif,2019,3,1.46,0.4,3.46,99.73,3.19,6,1296,0,3483,2187
INDAIAL_2019_04.tif,C:\Users\gtvargas\Documents\Indaial_noturno\raster\INDAIAL_RECORTADO\2019\INDAIAL_2019_04.tif,2019,4,1.68,0.55,3.2,100.0,3.28,0,1296,0,3483,2187
INDAIAL_2019_05.tif,C:\Users\gtvargas\Documents\Indaial_noturno\raster\INDAIAL_RECORTADO\2019\INDAIAL_2019_05.tif,2019,5,1.89,0.6,3.89,99.36,3.84,14,1296,0,3483,2187
INDAIAL_2019_06.tif,C:\Users\gtvargas\Documents\Indaial_noturno\raster\INDAIAL_RECORTADO\2019\INDAIAL_2019_06.tif,2019,6,1.81,0.45,4.26,100.0,3.94,0,1296,0,3483,2187
INDAIAL_2019_07.tif,C:\Users\gtvargas\Documents\Indaial_noturno\raster\INDAIAL_RECORTADO\2019\INDAIAL_2019_07.tif,2019,7,1.83,0.3,4.63,99.77,4.14,5,1296,0,3483,2187
INDAIAL_2019_08.tif,C:\Users\gtvargas\Documents\Indaial_noturno\raster\INDAIAL_RECORTADO\2019\INDAIAL_2019_08.tif,2019,8,1.79,0.35,4.17,99.95,3.87,1,1296,0,3483,2187
INDAIAL_2019_09.tif,C:\Users\gtvargas\Documents\Indaial_noturno\raster\INDAIAL_RECORTADO\2019\INDAIAL_2019_09.tif,2019,9,1.82,0.5,3.35,99.68,3.49,7,1296,0,3483,2187
INDAIAL_2019_10.tif,C:\Users\gtvargas\Documents\Indaial_noturno\raster\INDAIAL_RECORTADO\2019\INDAIAL_2019_10.tif,2019,10,2.02,0.5,3.59,99.77,3.82,5,1296,0,3483,2187
INDAIAL_2019_11.tif,C:\Users\gtvargas\Documents\Indaial_noturno\raster\INDAIAL_RECORTADO\2019\INDAIAL_2019_11.tif,2019,11,1.97,0.5,4.37,99.95,4.15,1,1296,0,3483,2187
INDAIAL_2020_01.tif,C:\Users\gtvargas\Documents\Indaial_noturno\raster\INDAIAL_RECORTADO\2020\INDAIAL_2020_01.tif,2020,1,1.98,0.6,3.93,99.95,3.94,1,1296,0,3483,2187
INDAIAL_2019_12.tif,C:\Users\gtvargas\Documents\Indaial_noturno\raster\INDAIAL_RECORTADO\2019\INDAIAL_2019_12.tif,2019,12,2.08,0.6,4.53,99.82,4.35,4,1296,0,3483,2187
INDAIAL_2020_02.tif,C:\Users\gtvargas\Documents\Indaial_noturno\raster\INDAIAL_RECORTADO\2020\INDAIAL_2020_02.tif,2020,2,1.84,0.5,3.23,100.0,3.45,0,1296,0,3483,2187
INDAIAL_2020_03.tif,C:\Users\gtvargas\Documents\Indaial_noturno\raster\INDAIAL_RECORTADO\2020\INDAIAL_2020_03.tif,2020,3,1.96,0.4,4.48,99.91,4.19,2,1296,0,3483,2187
INDAIAL_2020_05.tif,C:\Users\gtvargas\Documents\Indaial_noturno\raster\INDAIAL_RECORTADO\2020\INDAIAL_2020_05.tif,2020,5,2.07,0.3,5.25,99.41,4.7,13,1296,0,3483,2187
INDAIAL_2020_04.tif,C:\Users\gtvargas\Documents\Indaial_noturno\raster\INDAIAL_RECORTADO\2020\INDAIAL_2020_04.tif,2020,4,2.02,0.4,4.91,99.95,4.48,1,1296,0,3483,2187
INDAIAL_2020_06.tif,C:\Users\gtvargas\Documents\Indaial_noturno\raster\INDAIAL_RECORTADO\2020\INDAIAL_2020_06.tif,2020,6,1.94,0.3,5.25,97.62,4.56,52,1296,0,3483,2187
INDAIAL_2020_07.tif,C:\Users\gtvargas\Documents\Indaial_noturno\raster\INDAIAL_RECORTADO\2020\INDAIAL_2020_07.tif,2020,7,2.52,0.35,6.06,75.31,5.55,540,1296,0,3483,2187
INDAIAL_2020_08.tif,C:\Users\gtvargas\Documents\Indaial_noturno\raster\INDAIAL_RECORTADO\2020\INDAIAL_2020_08.tif,2020,8,2.64,0.35,6.4,80.61,5.84,424,1296,0,3483,2187
INDAIAL_2020_09.tif,C:\Users\gtvargas\Documents\Indaial_noturno\raster\INDAIAL_RECORTADO\2020\INDAIAL_2020_09.tif,2020,9,2.43,0.5,5.24,93.05,5.05,146,1296,0,3483,2187
INDAIAL_2020_10.tif,C:\Users\gtvargas\Documents\Indaial_noturno\raster\INDAIAL_RECORTADO\2020\INDAIAL_2020_10.tif,2020,10,2.05,0.45,4.2,97.81,4.15,48,1296,0,3483,2187
INDAIAL_2020_11.tif,C:\Users\gtvargas\Documents\Indaial_noturno\raster\INDAIAL_RECORTADO\2020\INDAIAL_2020_11.tif,2020,11,2.31,0.45,5.32,97.44,4.97,56,1296,0,3483,2187
INDAIAL_2021_01.tif,C:\Users\gtvargas\Documents\Indaial_noturno\raster\INDAIAL_RECORTADO\2021\INDAIAL_2021_01.tif,2021,1,2.04,0.5,5.41,95.47,4.74,45,1296,0,3483,2187
INDAIAL_2020_12.tif,C:\Users\gtvargas\Documents\Indaial_noturno\raster\INDAIAL_RECORTADO\2020\INDAIAL_2020_12.tif,2020,12,2.29,0.5,4.69,94.15,4.63,128,1296,0,3483,2187
INDAIAL_2021_02.tif,C:\Users\gtvargas\Documents\Indaial_noturno\raster\INDAIAL_RECORTADO\2021\INDAIAL_2021_02.tif,2021,2,2.46,0.3,5.97,86.33,5.44,299,1296,0,3483,2187
INDAIAL_2021_03.tif,C:\Users\gtvargas\Documents\Indaial_noturno\raster\INDAIAL_RECORTADO\2021\INDAIAL_2021_03.tif,2021,3,2.17,0.45,4.8,96.3,4.57,81,1296,0,3483,2187
INDAIAL_2021_04.tif,C:\Users\gtvargas\Documents\Indaial_noturno\raster\INDAIAL_RECORTADO\2021\INDAIAL_2021_04.tif,2021,4,2.19,0.35,5.37,97.85,4.87,47,1296,0,3483,2187
INDAIAL_2021_05.tif,C:\Users\gtvargas\Documents\Indaial_noturno\raster\INDAIAL_RECORTADO\2021\INDAIAL_2021_05.tif,2021,5,2.37,0.4,5.83,99.27,5.29,16,1296,0,3483,2187
INDAIAL_2021_06.tif,C:\Users\gtvargas\Documents\Indaial_noturno\raster\INDAIAL_RECORTADO\2021\INDAIAL_2021_06.tif,2021,6,2.28,0.4,5.14,99.91,4.85,2,1296,0,3483,2187
INDAIAL_2021_07.tif,C:\Users\gtvargas\Documents\Indaial_noturno\raster\INDAIAL_RECORTADO\2021\INDAIAL_2021_07.tif,2021,7,2.71,0.3,6.8,88.84,6.11,244,1296,0,3483,2187
INDAIAL_2021_08.tif,C:\Users\gtvargas\Documents\Indaial_noturno\raster\INDAIAL_RECORTADO\2021\INDAIAL_2021_08.tif,2021,8,1.87,0.4,4.65,99.45,4.2,12,1296,0,3483,2187
INDAIAL_2021_09.tif,C:\Users\gtvargas\Documents\Indaial_noturno\raster\INDAIAL_RECORTADO\2021\INDAIAL_2021_09.tif,2021,9,2.61,0.4,6.72,98.95,5.97,23,1296,0,3483,2187
INDAIAL_2021_10.tif,C:\Users\gtvargas\Documents\Indaial_noturno\raster\INDAIAL_RECORTADO\2021\INDAIAL_2021_10.tif,2021,10,4.47,0.55,65.11,96.89,37.02,64,1296,4,3483,2187
INDAIAL_2021_11.tif,C:\Users\gtvargas\Documents\Indaial_noturno\raster\INDAIAL_RECORTADO\2021\INDAIAL_2021_11.tif,2021,11,2.14,0.5,4.22,100.0,4.25,0,1296,0,3483,2187
INDAIAL_2021_12.tif,C:\Users\gtvargas\Documents\Indaial_noturno\raster\INDAIAL_RECORTADO\2021\INDAIAL_2021_12.tif,2021,12,2.69,0.4,6.69,96.94,6.04,67,1296,0,3483,2187
INDAIAL_2022_01.tif,C:\Users\gtvargas\Documents\Indaial_noturno\raster\INDAIAL_RECORTADO\2022\INDAIAL_2022_01.tif,2022,1,2.36,0.45,5.36,99.04,5.05,21,1296,0,3483,2187
INDAIAL_2022_02.tif,C:\Users\gtvargas\Documents\Indaial_noturno\raster\INDAIAL_RECORTADO\2022\INDAIAL_2022_02.tif,2022,2,2.57,0.5,6.02,98.54,5.58,32,1296,0,3483,2187
INDAIAL_2022_03.tif,C:\Users\gtvargas\Documents\Indaial_noturno\raster\INDAIAL_RECORTADO\2022\INDAIAL_2022_03.tif,2022,3,3.19,0.7,5.44,99.59,5.91,6,1296,0,3483,2187
INDAIAL_2022_05.tif,C:\Users\gtvargas\Documents\Indaial_noturno\raster\INDAIAL_RECORTADO\2022\INDAIAL_2022_05.tif,2022,5,2.82,0.6,6.49,100.0,6.06,0,1296,0,3483,2187
INDAIAL_2022_04.tif,C:\Users\gtvargas\Documents\Indaial_noturno\raster\INDAIAL_RECORTADO\2022\INDAIAL_2022_04.tif,2022,4,3.07,0.7,7.17,98.13,6.66,41,1296,0,3483,2187
INDAIAL_2022_06.tif,C:\Users\gtvargas\Documents\Indaial_noturno\raster\INDAIAL_RECORTADO\2022\INDAIAL_2022_06.tif,2022,6,2.55,0.5,6.1,100.0,5.6,0,1296,0,3483,2187
INDAIAL_2022_07.tif,C:\Users\gtvargas\Documents\Indaial_noturno\raster\INDAIAL_RECORTADO\2022\INDAIAL_2022_07.tif,2022,7,2.55,0.5,6.1,100.0,5.6,0,1296,0,3483,2187
INDAIAL_2022_08.tif,C:\Users\gtvargas\Documents\Indaial_noturno\raster\INDAIAL_RECORTADO\2022\INDAIAL_2022_08.tif,2022,8,2.9,0.6,5.95,99.95,5.88,1,1296,0,3483,2187
INDAIAL_2022_09.tif,C:\Users\gtvargas\Documents\Indaial_noturno\raster\INDAIAL_RECORTADO\2022\INDAIAL_2022_09.tif,2022,9,2.86,0.55,6.53,100.0,6.12,0,1296,0,3483,2187
INDAIAL_2022_10.tif,C:\Users\gtvargas\Documents\Indaial_noturno\raster\INDAIAL_RECORTADO\2022\INDAIAL_2022_10.tif,2022,10,2.94,0.6,6.96,99.63,6.42,6,1296,0,3483,2187
INDAIAL_2022_11.tif,C:\Users\gtvargas\Documents\Indaial_noturno\raster\INDAIAL_RECORTADO\2022\INDAIAL_2022_11.tif,2022,11,3.02,0.6,7.17,99.95,6.6,1,1296,0,3483,2187
INDAIAL_2023_01.tif,C:\Users\gtvargas\Documents\Indaial_noturno\raster\INDAIAL_RECORTADO\2023\INDAIAL_2023_01.tif,2023,1,2.75,0.5,6.57,99.27,6.04,16,1296,0,3483,2187
INDAIAL_2022_12.tif,C:\Users\gtvargas\Documents\Indaial_noturno\raster\INDAIAL_RECORTADO\2022\INDAIAL_2022_12.tif,2022,12,2.78,0.6,6.22,100.0,5.89,0,1296,0,3483,2187
INDAIAL_2023_02.tif,C:\Users\gtvargas\Documents\Indaial_noturno\raster\INDAIAL_RECORTADO\2023\INDAIAL_2023_02.tif,2023,2,2.81,0.6,6.21,100.0,5.92,0,1296,0,3483,2187
INDAIAL_2023_03.tif,C:\Users\gtvargas\Documents\Indaial_noturno\raster\INDAIAL_RECORTADO\2023\INDAIAL_2023_03.tif,2023,3,2.65,0.6,5.85,100.0,5.58,0,1296,0,3483,2187
INDAIAL_2023_04.tif,C:\Users\gtvargas\Documents\Indaial_noturno\raster\INDAIAL_RECORTADO\2023\INDAIAL_2023_04.tif,2023,4,2.91,0.7,6.45,100.0,6.13,0,1296,0,3483,2187
INDAIAL_2023_05.tif,C:\Users\gtvargas\Documents\Indaial_noturno\raster\INDAIAL_RECORTADO\2023\INDAIAL_2023_05.tif,2023,5,3.04,0.6,6.83,100.0,6.45,0,1296,0,3483,2187
INDAIAL_2023_06.tif,C:\Users\gtvargas\Documents\Indaial_noturno\raster\INDAIAL_RECORTADO\2023\INDAIAL_2023_06.tif,2023,6,2.93,0.6,7.05,100.0,6.45,0,1296,0,3483,2187
INDAIAL_2023_07.tif,C:\Users\gtvargas\Documents\Indaial_noturno\raster\INDAIAL_RECORTADO\2023\INDAIAL_2023_07.tif,2023,7,3.21,0.7,7.19,100.0,6.81,0,1296,0,3483,2187
INDAIAL_2023_08.tif,C:\Users\gtvargas\Documents\Indaial_noturno\raster\INDAIAL_RECORTADO\2023\INDAIAL_2023_08.tif,2023,8,2.75,0.6,5.85,100.0,5.67,0,1296,0,3483,2187
INDAIAL_2023_09.tif,C:\Users\gtvargas\Documents\Indaial_noturno\raster\INDAIAL_RECORTADO\2023\INDAIAL_2023_09.tif,2023,9,2.63,0.4,6.24,99.5,5.75,11,1296,0,3483,2187
INDAIAL_2023_10.tif,C:\Users\gtvargas\Documents\Indaial_noturno\raster\INDAIAL_RECORTADO\2023\INDAIAL_2023_10.tif,2023,10,5.08,3.78,4.26,17.83,7.21,20,1296,0,3483,2187
INDAIAL_2023_11.tif,C:\Users\gtvargas\Documents\Indaial_noturno\raster\INDAIAL_RECORTADO\2023\INDAIAL_2023_11.tif,2023,11,2.6,0.75,5.15,100.0,5.18,0,1296,0,3483,2187
INDAIAL_2023_12.tif,C:\Users\gtvargas\Documents\Indaial_noturno\raster\INDAIAL_RECORTADO\2023\INDAIAL_2023_12.tif,2023,12,2.45,0.5,5.3,97.94,5.09,45,1296,0,3483,2187
INDAIAL_2024_01.tif,C:\Users\gtvargas\Documents\Indaial_noturno\raster\INDAIAL_RECORTADO\2024\INDAIAL_2024_01.tif,2024,1,2.45,0.7,4.43,100.0,4.67,0,1296,0,3483,2187
INDAIAL_2024_02.tif,C:\Users\gtvargas\Documents\Indaial_noturno\raster\INDAIAL_RECORTADO\2024\INDAIAL_2024_02.tif,2024,2,2.54,0.6,5.44,99.95,5.27,1,1296,0,3483,2187
INDAIAL_2024_04.tif,C:\Users\gtvargas\Documents\Indaial_noturno\raster\INDAIAL_RECORTADO\2024\INDAIAL_2024_04.tif,2024,4,2.79,0.6,6.68,99.5,6.13,11,1296,0,3483,2187
INDAIAL_2024_03.tif,C:\Users\gtvargas\Documents\Indaial_noturno\raster\INDAIAL_RECORTADO\2024\INDAIAL_2024_03.tif,2024,3,2.94,0.7,6.04,98.72,5.96,28,1296,0,3483,2187
INDAIAL_2024_05.tif,C:\Users\gtvargas\Documents\Indaial_noturno\raster\INDAIAL_RECORTADO\2024\INDAIAL_2024_05.tif,2024,5,2.49,0.5,5.96,98.63,5.47,28,1296,0,3483,2187
INDAIAL_2024_06.tif,C:\Users\gtvargas\Documents\Indaial_noturno\raster\INDAIAL_RECORTADO\2024\INDAIAL_2024_06.tif,2024,6,2.65,0.55,6.08,100.0,5.69,0,1296,0,3483,2187
INDAIAL_2024_08.tif,C:\Users\gtvargas\Documents\Indaial_noturno\raster\INDAIAL_RECORTADO\2024\INDAIAL_2024_08.tif,2024,8,2.34,0.55,4.85,100.0,4.77,0,1296,0,3483,2187
INDAIAL_2024_07.tif,C:\Users\gtvargas\Documents\Indaial_noturno\raster\INDAIAL_RECORTADO\2024\INDAIAL_2024_07.tif,2024,7,2.65,0.5,6.86,97.62,6.08,52,1296,0,3483,2187
INDAIAL_2024_09.tif,C:\Users\gtvargas\Documents\Indaial_noturno\raster\INDAIAL_RECORTADO\2024\INDAIAL_2024_09.tif,2024,9,2.11,0.6,4.06,100.0,4.14,0,1296,0,3483,2187
INDAIAL_2024_10.tif,C:\Users\gtvargas\Documents\Indaial_noturno\raster\INDAIAL_RECORTADO\2024\INDAIAL_2024_10.tif,2024,10,2.83,0.9,5.17,100.0,5.41,0,1296,0,3483,2187
INDAIAL_2024_11.tif,C:\Users\gtvargas\Documents\Indaial_noturno\raster\INDAIAL_RECORTADO\2024\INDAIAL_2024_11.tif,2024,11,3.3,1.15,5.77,100.0,6.19,0,1296,0,3483,2187
INDAIAL_2024_12.tif,C:\Users\gtvargas\Documents\Indaial_noturno\raster\INDAIAL_RECORTADO\2024\INDAIAL_2024_12.tif,2024,12,3.67,0.7,7.99,70.46,7.67,646,1296,0,3483,2187
